K,mean,variance
3,0.000125,0.00000000000256386228
4,0.000114,0.00000000013423298554
8,0.000215,0.00000000004793142591
12,0.000308,0.00000000003259365983
16,0.000406,0.00000000004031747898
32,0.000802,0.00000000007357783307
64,0.001635,0.00000000151100817852