K,mean,variance
3,0.000289,0.00000000291717239799
4,0.000347,0.00000000003705337963
8,0.000636,0.00000000009917544743
12,0.000942,0.00000000014231930032
16,0.001245,0.00000000027053874626
32,0.002465,0.00000000000388727739
64,0.004938,0.00000000000481137491