K,mean,variance
3,0.001108,0.00000001255724659413
4,0.001423,0.00000000067991723745
8,0.002812,0.00000000081929757797
12,0.004266,0.00000008235522313668
16,0.005626,0.00000000400650795322
32,0.011285,0.00000002095274099852
64,0.022754,0.00000004976289610852