Algorithm,K,GFLOPS,GFLOPS_variability
ellpack,3, 69.130609,0.02111896935026496072
ellpack,4, 126.712637,0.03179811588297035835
ellpack,8, 226.876690,0.01774697830534181439
ellpack,12, 234.586023,0.04672190633559206163
ellpack,16, 258.612493,0.01785788788187087084
ellpack,32, 264.889314,0.01761961334524883224
ellpack,64, 266.473319,0.00362422819153414896