K,mean,variance
3,0.104183,0.00001080822455740467
4,0.137740,0.00016488689731538464
8,0.265353,0.00004293852543673839
12,0.395546,0.00035266605820984673
16,0.530297,0.00011794112169841575
32,1.051684,0.00014623142236641770
64,2.129997,0.00042979305434752831