K,mean,variance
3,0.003953,0.00000001913250795171
4,0.006065,0.00000000436632722985
8,0.013840,0.00000055383324394370
12,0.021303,0.00000036132312186649
16,0.028780,0.00000208325986284532
32,0.059144,0.00000436642438768538
64,0.115695,0.00000043948967186954