K,mean,variance
3,0.001448,0.00000000828010211329
4,0.001965,0.00000009179679090358
8,0.003875,0.00000000001742940076
12,0.005731,0.00000000096087132623
16,0.007580,0.00000000002067441593
32,0.015064,0.00000000054545881105
64,0.030715,0.00000095232310119732