K,mean,variance
3,0.000069,0.00000000002551239451
4,0.000055,0.00000000001023906410
8,0.000095,0.00000000000463616378
12,0.000135,0.00000000000033049732
16,0.000178,0.00000000000083918568
32,0.000357,0.00000000000323757325
64,0.000732,0.00000000000536520724