K,mean,variance
3,0.000075,0.00000000005493527558
4,0.000065,0.00000000001049913565
8,0.000117,0.00000000002558595045
12,0.000159,0.00000000003724080056
16,0.000216,0.00000000006584452372
32,0.000427,0.00000000001773961465
64,0.000871,0.00000000043971811356