K,mean,variance
3,0.098770,0.00000215962801629340
4,0.128548,0.00000122778167530020
8,0.253753,0.00000575646946943900
12,0.378675,0.00001392652219393200
16,0.503645,0.00005909217775862207
32,1.011433,0.00004373594094237907
64,2.044210,0.00035784804027285809